target_title,title,expire_date
オライリーの新刊・近刊情報,Aligned,2026-05-17
オライリーの新刊・近刊情報,Webブラウザエンジニアリング,2026-05-17
オライリーの新刊・近刊情報,UX for Business,2026-05-17
オライリーの新刊・近刊情報,解読 データアーキテクチャ,2026-05-17
オライリーの新刊・近刊情報,システム思考の世界へ,2026-05-17
オライリーの新刊・近刊情報,侵入技術入門,2026-05-17
オライリーの新刊・近刊情報,生成AIで強化するSEO戦略,2026-05-17
オライリーの新刊・近刊情報,生成AI時代のソフトウェア開発,2026-05-17
オライリーの新刊・近刊情報,責任あるソフトウェアエンジニアリング,2026-05-17
オライリーの新刊・近刊情報,ソフトウェアアーキテクチャの基礎 第2版,2026-05-17
オライリーの新刊・近刊情報,ソフトウェア開発者のキャリアハンドブック,2026-05-17
オライリーの新刊・近刊情報,退屈なことはPythonにやらせよう 第3版,2026-05-17
オライリーの新刊・近刊情報,ローコードAI,2026-05-17
オライリーの新刊・近刊情報,詳解 組み込みシステム 第2版,2026-05-24
Zennのトレンド,Microsoft Learn参照させるAgent Skillsあるじゃん！,2026-04-09
Zennのトレンド,クリーンアーキテクチャで迷子になったときに読む、もっと直感的なアーキテクチャ（Go実装例付き）,2026-04-09
Zennのトレンド,ハーネスエンジニアリングで人間のコードレビューをやめる,2026-04-09
Zennのトレンド,ナレッジワークにカムバック入社して1ヶ月半経って感じたこと,2026-04-09
Zennのトレンド,【RAG】1000万文字の会話を理解させる手法,2026-04-09
Zennのトレンド,JavaScriptとTypeScriptのpolyglot,2026-04-09
Zennのトレンド,究極のマルチパラダイム次世代プログラミング言語Flix,2026-04-09
Zennのトレンド,【Claude Code】Kaggle上位勢が設定するClaude Codeのskillsとagentsをチェックする,2026-04-09
Zennのトレンド,Raspberry Piではじめる自宅サーバー入門（第2巻：運用編）,2026-04-09
Zennのトレンド,Claude Code を使いこなすために意識している 5つのこと,2026-04-09
Zennのトレンド,技育祭で引いた文字化けおみくじを解読してみた,2026-04-09
Zennのトレンド,囚人のジレンマをオンライン対戦ゲーにしたら30分で攻略されてゲームが終わった,2026-04-09
Zennのトレンド,人間のコードレビュー辞めにしたくてコードレビューエージェント作ってみた,2026-04-09
Zennのトレンド,【2026年版】Claude Code フロントエンド特化の設定・ツールまとめ,2026-04-09
Zennのトレンド,PO・PdMが感じるスクラムの限界,2026-04-09
Zennのトレンド,適用されていないCSSを検出するChrome拡張を作った,2026-04-09
Zennのトレンド,AI 駆動開発全盛期を生き抜くために Markdown を「読む」ためだけのアプリ Arto を作った,2026-04-09
Zennのトレンド,Claude Codeに長期記憶を持たせたら、壁打ちの質が変わった,2026-04-09
Zennのトレンド,仕事はすべてSkillに書け - それ、Skill にしない？,2026-04-09
Zennのトレンド,cmuxで変わるClaude Codeのマルチプロジェクト開発体験,2026-04-09
Zennのトレンド,Webサービスを作る上でRustを採用する必要ってほぼないよね,2026-04-10
Zennのトレンド,外部サービスの利用ガイドラインを作ってわかった、エンジニアが見落としがちな法的観点,2026-04-10
Zennのトレンド,NLP2026の最優秀賞・優秀賞から見る言語処理最前線,2026-04-10
Zennのトレンド,Webアプリケーションにおけるキャッシュ戦略,2026-04-10
Zennのトレンド,UUID は衝突する。なぜなら人間は愚かだから。,2026-04-10
Zennのトレンド,【技術屋の思考ログ #12】 結合テスト（後編）：テストデータはDBに直接投入してはいけない,2026-04-10
Zennのトレンド,【Rust】zerompk - Rust向けの最速MessagePack実装とその最適化手法,2026-04-10
Zennのトレンド,NVIDIA RTX PRO 6000 Blackwell Max-Q 上で尾崎スキーム I を動かしてみる,2026-04-10
Zennのトレンド,100ms以内で動作するVLAモデルの実車適用,2026-04-11
Zennのトレンド,git worktree を Worktrunk で管理したら手放せなくなった,2026-04-11
Zennのトレンド,なぜ、Excel管理表は崩壊するのか ー 記録する表と、見るための表を分けよ,2026-04-11
Zennのトレンド,【消費トークン1/12】コーディングエージェントにRAGは罠だった。「検索」ではなく「コンパイル」するDAGツールを作った話,2026-04-11
Zennのトレンド,GitHub PRをレビューするTUIをつくった,2026-04-11
Zennのトレンド,画面設計書を Markdown で書く文化を浸透させたい,2026-04-11
Zennのトレンド,なぜ最近のWEB開発は毎回アプリケーション基盤を作り直してしまうのか,2026-04-11
Zennのトレンド,[技術書典20]技術同人誌を書く技術,2026-04-11
Zennのトレンド,ドメイン駆動設計を1から勉強してみた感想,2026-04-11
Zennのトレンド,電磁気学っぽい理論は電磁気学しかない？,2026-04-12
Zennのトレンド,【勉強会レポート】和田卓人（t-wada）さんに学ぶ「質とスピード」,2026-04-12
Zennのトレンド,開発環境現状確認 2026/03,2026-04-12
Zennのトレンド,ソフトウェアテストの古典から現在まで,2026-04-12
Zennのトレンド,BCE を意識して Go のコードを高速化する,2026-04-13
Zennのトレンド,図形入りの PowerPoint を Markdown に変換,2026-04-13
Zennのトレンド,ローカルLLM,2026-04-13
Zennのトレンド,サプライチェーン攻撃対策の社内展開したやつの抜粋(SHA pinning必須化/min-release-age/Takumi Guard),2026-04-13
Zennのトレンド,Docling で PDF を Markdown に変換してみる,2026-04-13
Zennのトレンド,Pythonテクニック集,2026-04-13
Zennのトレンド,コーディングエージェントのサンドボックス技術を理解する,2026-04-13
Zennのトレンド,ベクトルDB不要！Pythonで構築する軽量セマンティック検索『concept-file、concept-grep』,2026-04-13
Zennのトレンド,React やだ 2026,2026-04-14
Zennのトレンド,iOS26からSampleBufferへ安全なアクセスが可能に,2026-04-14
Zennのトレンド,青空文庫書式をRustで遊ぼうと思ったら未踏領域だったのでパーサーを書いた話,2026-04-14
Zennのトレンド,Prompt→Context→Harness、全部やった。要件だけ渡す、変わっても壊れない。整合性駆動開発CoDD爆誕,2026-04-14
Zennのトレンド,ここんところのWeb界隈についての主観的記録,2026-04-14
Zennのトレンド,ユーザーストーリーを書くのがかったるいので「背景・目的・対応内容」に落ち着いた話,2026-04-14
Zennのトレンド,Androidの基礎,2026-04-14
Zennのトレンド,ハーネスエンジニアリング、それGit Workflowをbashで書き直してるだけでは,2026-04-14
Zennのトレンド,Reactのフラグ地獄を状態遷移テーブルで解消する — Discriminated Union×テーブル駆動設計の実践,2026-04-14
Zennのトレンド,完全自律のコーディングパイプラインを作った,2026-04-15
Zennのトレンド,Goにはなぜ例外がないのか,2026-04-15
Zennのトレンド,よう若いの。Linuxってのはだな。,2026-04-15
Zennのトレンド,OpenClaw × OllamaをMacBook 16GBで動かす - ローカルLLM入門,2026-04-15
Zennのトレンド,サプライチェーン攻撃から身を守るために最低限設定しておきたいこと,2026-04-16
Zennのトレンド,axiosにサプライチェーン攻撃が発生した話と、担当プロジェクトでやっていた備え,2026-04-16
Zennのトレンド,あつあつ流！学生団体の組織論,2026-04-16
Zennのトレンド,【緊急】axios がサプライチェーン攻撃 2026.03.31,2026-04-16
Zennのトレンド,自己流「ハーネスエンジニアリング」からの脱却,2026-04-16
Zennのトレンド,セキュリティ重視の GitHub Actions 静的解析ツール「ghasec」の紹介,2026-04-16
Zennのトレンド,ログ設計：基礎から応用まで,2026-04-16
オライリーの新刊・近刊情報,APIハンズオンラーニング,2026-06-01
Zennのトレンド,npm をセキュアな挙動にするために .npmrc に記述する最小設定,2026-04-17
Zennのトレンド,ReAct (Reason+Act) パターンを TypeScript だけで実装する,2026-04-17
Zennのトレンド,主キーはもう「UUIDv7」一択なのか？ 〜 ID技術の歴史的変遷と現時点の最適解 〜,2026-04-17
Zennのトレンド,逆引き Rust Web API 開発: Axum で学ぶ実践パターン,2026-04-17
Zennのトレンド,MarkdownだけでWikiを作ろう,2026-04-17
Zennのトレンド,セキュリティ採用で混同される6職種を、採用コンサルが現場目線で整理する,2026-04-17
Zennのトレンド,モノレポのローカル開発環境をDockerからmiseに移行して起動速度を75%改善した,2026-04-17
Zennのトレンド,とりあえず ralph loopからはじめるハーネスエンジニアリング,2026-04-18
Zennのトレンド,Vite 8にアップデートしたら10倍早いは本当だった,2026-04-18
Zennのトレンド,WordPress後継CMS「EmDash」を触ってみる,2026-04-18
Zennのトレンド,AWS Security Agentを組織で活用していく上での考慮点を考えてみた,2026-04-18
Zennのトレンド,書籍の学びを Agent Skills にする ～現場で役立つシステム設計の原則編～,2026-04-18
Zennのトレンド,【MarkItDown】Office/PDFをMarkdown化してRAG前処理に使う,2026-04-18
Zennのトレンド,図面解析におけるマルチモーダル Graph RAG の有効性検証とデモアプリ開発,2026-04-19
Zennのトレンド,「直す圧力」に気づいてから変わった、ポストモーテムへの向き合い方,2026-04-19
Zennのトレンド,多くの人にとってGitが難しいという課題をスキルでなんとかしたい,2026-04-19
Zennのトレンド,ハーネスエンジニアリングの先へ — VSDD × CoDDで「実装品質」と「変更時の整合性」を両立させてみた,2026-04-19
Zennのトレンド,DGX SparkでGemma 4 31Bをローカル動作させ、OpenClawから使う,2026-04-20
Zennのトレンド,基本情報技術者試験に合格したので、勉強法と実際の試験についてまとめました,2026-04-20
Zennのトレンド,WinUI 3 の悪いところ,2026-04-20
Zennのトレンド,日本語対応オープンソースOCRの比較 その３,2026-04-20
Zennのトレンド,V1 リリース！ - Microsoft Agent Framework (C#) V1 その1,2026-04-20
Zennのトレンド,データエンジニアのためのオントロジー入門 ― Semantic Layer との違いと役割分担,2026-04-21
Zennのトレンド,Gemma 4で自律エージェントを作る — LangGraph + Podman,2026-04-21
Zennのトレンド,Rust向けのECS駆動な双方向通信サーバーフレームワークをリリースしました,2026-04-21
Zennのトレンド,nvim-treesitterが消えた今、その役割を改めて整理する,2026-04-21
Zennのトレンド,【実験あり】axios攻撃は2行で防げる｜.npmrc設定とignore-scriptsの注意点,2026-04-21
Zennのトレンド,脱CDKしてTerraformに移行すべきn個の理由(または私はなぜCDKをやめたか),2026-04-21
Zennのトレンド,【Nix奮闘記】農学部生が0からNixOSの設定をして分かったNixの特徴,2026-04-21
Zennのトレンド,誰もがGitを触る時代に、やさしい入門サイトを作った,2026-04-21
Zennのトレンド,RAGの最適化手法が多すぎて迷子になったので、整理したら全体像が見えた,2026-04-21
Zennのトレンド,AWS経験者のためのGCP基盤キャッチアップクイズ113問,2026-04-21
Zennのトレンド,クラウド上の機密PDFを、URLを漏らさずブラウザで安全に見せる方法,2026-04-22
Zennのトレンド,SOLIDやクリーンアーキテクチャの前に「入力・処理・出力」を分けよう,2026-04-22
Zennのトレンド,Gemma 4 vs Qwen 3.5 — DGX Spark × llama.cpp でMoEモデル対決ベンチマーク,2026-04-22
Zennのトレンド,Vanilla CSSでもデザインシステムを構築したい！：css-var-kitによるtype-awareな補完とLint,2026-04-22
Zennのトレンド,SEなら知っておきたい、OSの"ルーツ"の話――Windows / macOS / Linuxの設計思想と歴史【前編】,2026-04-22
Zennのトレンド,git diff --color-wordsが日本語だと見づらい問題への対処,2026-04-22
Zennのトレンド,脆弱性対応と minimumReleaseAge を両立しながら依存管理をクリーンに保つ,2026-04-23
Zennのトレンド,GitHub App の秘密鍵を AWS KMS に閉じ込める,2026-04-23
Zennのトレンド,Prime Intellect Labで始めるAgentic RL ―― 4BモデルでGPT-5を超える,2026-04-23
Zennのトレンド,1件の問い合わせから、3万件/日のユーザ体験を改善したCREの取り組み,2026-04-23
Zennのトレンド,WASM×グラフDB — ブラウザで動くグラフデータベース,2026-04-23
Zennのトレンド,1年で 1,000 GitHub Starまで育てた秘訣、全部書きました,2026-04-23
Zennのトレンド,誰も教えてくれないソフトウェアの社会学,2026-04-23